[{"videoStreamUrl":"https://cdn3.wowza.com/5/TW5ZWnc2WlI3QU5F/bhm-fastly/bhm-cam-2059-126a.stream/playlist.m3u8","locationId":"AL_BI","previewImageUrl":"https://api.algotraffic.com/v2.0/cameras/images/1316.jpg","latitude":33.52859,"name":"I-20/59 S at Caraway Blvd.","id":2279,"longitude":-86.80724},{"videoStreamUrl":"https://cdn3.wowza.com/5/TW5ZWnc2WlI3QU5F/bhm-fastly/bhm-cam-31-275b.stream/playlist.m3u8","locationId":"AL_BI","previewImageUrl":"https://api.algotraffic.com/v2.0/cameras/images/1570.jpg","latitude":33.52198,"name":"US 31 N at 5th Av","id":2337,"longitude":-86.7995},{"videoStreamUrl":"https://cdn3.wowza.com/5/TW5ZWnc2WlI3QU5F/bhm-fastly/bhm-cam-280-6.stream/playlist.m3u8","locationId":"AL_BI","previewImageUrl":"https://api.algotraffic.com/v2.0/cameras/images/1214.jpg","latitude":33.42762,"name":"US 280 S at Cahaba Park","id":2232,"longitude":-86.70753},{"videoStreamUrl":"https://cdn3.wowza.com/5/TW5ZWnc2WlI3QU5F/bhm-fastly/bhm-cam-lorna-mun.stream/playlist.m3u8","locationId":"AL_BI","previewImageUrl":"https://api.algotraffic.com/v2.0/cameras/images/1210.jpg","latitude":33.38993,"name":"Lorna Road S at Municipal Dr.","id":2217,"longitude":-86.7962},{"videoStreamUrl":"https://cdn3.wowza.com/5/TW5ZWnc2WlI3QU5F/bhm-fastly/bhm-cam-79-10.stream/playlist.m3u8","locationId":"AL_BI","previewImageUrl":"https://api.algotraffic.com/v2.0/cameras/images/1469.jpg","latitude":33.66735,"name":"AL 79 E at Westchester Dr","id":2250,"longitude":-86.70217},{"videoStreamUrl":"https://cdn3.wowza.com/5/TW5ZWnc2WlI3QU5F/bhm-fastly/bhm-cam-79-6.2.stream/playlist.m3u8","locationId":"AL_BI","previewImageUrl":"https://api.algotraffic.com/v2.0/cameras/images/1464.jpg","latitude":33.62087,"name":"AL 79 E at Pawnee Village Dr","id":2234,"longitude":-86.73719},{"videoStreamUrl":"https://cdn3.wowza.com/5/TW5ZWnc2WlI3QU5F/bhm-fastly/bhm-cam-2059-126b.stream/playlist.m3u8","locationId":"AL_BI","previewImageUrl":"https://api.algotraffic.com/v2.0/cameras/images/1385.jpg","latitude":33.52871,"name":"I-20/59 S at Caraway Blvd.","id":2280,"longitude":-86.80698},{"videoStreamUrl":"https://cdn3.wowza.com/5/TW5ZWnc2WlI3QU5F/bhm-fastly/bhm-cam-31-266.stream/playlist.m3u8","locationId":"AL_BI","previewImageUrl":"https://api.algotraffic.com/v2.0/cameras/images/1198.jpg","latitude":33.4107,"name":"US 31 N at I-65","id":2333,"longitude":-86.80732},{"videoStreamUrl":"https://cdn3.wowza.com/5/TW5ZWnc2WlI3QU5F/bhm-fastly/bhm-cam-79-11.2.stream/playlist.m3u8","locationId":"AL_BI","previewImageUrl":"https://api.algotraffic.com/v2.0/cameras/images/1470.jpg","latitude":33.68193,"name":"AL 79 E at Sunrise Dr/Sweeney Hollow","id":2253,"longitude":-86.69224},{"videoStreamUrl":"https://cdn3.wowza.com/5/TW5ZWnc2WlI3QU5F/bhm-fastly/bhm-cam-65-252.stream/playlist.m3u8","locationId":"AL_BI","previewImageUrl":"https://api.algotraffic.com/v2.0/cameras/images/1237.jpg","latitude":33.40966,"name":"I-65 N at US-31 (Exit 252)","id":2312,"longitude":-86.79981},{"videoStreamUrl":"https://cdn3.wowza.com/5/TW5ZWnc2WlI3QU5F/bhm-fastly/bhm-cam-65-261f.stream/playlist.m3u8","locationId":"AL_BI","previewImageUrl":"https://api.algotraffic.com/v2.0/cameras/images/1568.jpg","latitude":33.51838,"name":"I-65 N at I-20/59","id":2325,"longitude":-86.82516},{"videoStreamUrl":"https://cdn3.wowza.com/5/TW5ZWnc2WlI3QU5F/bhm-fastly/bhm-cam-79-12.3.stream/playlist.m3u8","locationId":"AL_BI","previewImageUrl":"https://api.algotraffic.com/v2.0/cameras/images/1472.jpg","latitude":33.69735,"name":"AL 79 E at Narrows Rd/AL-151","id":2256,"longitude":-86.68834},{"videoStreamUrl":"https://cdn3.wowza.com/5/TW5ZWnc2WlI3QU5F/bhm-fastly/bhm-cam-65-261b.stream/playlist.m3u8","locationId":"AL_BI","previewImageUrl":"https://api.algotraffic.com/v2.0/cameras/images/1196.jpg","latitude":33.52185,"name":"I-65 N at I-20/59 SB Ramp","id":2322,"longitude":-86.82899},{"videoStreamUrl":"https://cdn3.wowza.com/5/TW5ZWnc2WlI3QU5F/bhm-fastly/bhm-cam-65-260a.stream/playlist.m3u8","locationId":"AL_BI","previewImageUrl":"https://api.algotraffic.com/v2.0/cameras/images/1245.jpg","latitude":33.5108,"name":"I-65 N at 3rd Av N","id":2320,"longitude":-86.81969},{"videoStreamUrl":"https://cdn3.wowza.com/5/TW5ZWnc2WlI3QU5F/bhm-fastly/bhm-cam-31-276.stream/playlist.m3u8","locationId":"AL_BI","previewImageUrl":"https://api.algotraffic.com/v2.0/cameras/images/1561.jpg","latitude":33.54604,"name":"US 31 N at Finley Blvd.","id":2341,"longitude":-86.81548},{"videoStreamUrl":"https://cdn3.wowza.com/5/TW5ZWnc2WlI3QU5F/bhm-fastly/bhm-cam-31-274.5.stream/playlist.m3u8","locationId":"AL_BI","previewImageUrl":"https://api.algotraffic.com/v2.0/cameras/images/1186.jpg","latitude":33.51606,"name":"US 31 N at 1st Av. N.","id":2335,"longitude":-86.79517},{"videoStreamUrl":"https://cdn3.wowza.com/5/TW5ZWnc2WlI3QU5F/bhm-fastly/bhm-cam-20-132.stream/playlist.m3u8","locationId":"AL_BI","previewImageUrl":"https://api.algotraffic.com/v2.0/cameras/images/1242.jpg","latitude":33.53549,"name":"I-20 S at Oporto-Madrid Blvd. (Exit 132)","id":2285,"longitude":-86.721},{"videoStreamUrl":"https://cdn3.wowza.com/5/TW5ZWnc2WlI3QU5F/bhm-fastly/bhm-cam-65-261a.stream/playlist.m3u8","locationId":"AL_BI","previewImageUrl":"https://api.algotraffic.com/v2.0/cameras/images/1194.jpg","latitude":33.52593,"name":"I-65 N at I-20/59","id":2326,"longitude":-86.82847},{"videoStreamUrl":"https://cdn3.wowza.com/5/TW5ZWnc2WlI3QU5F/bhm-fastly/bhm-cam-459-29b.stream/playlist.m3u8","locationId":"AL_BI","previewImageUrl":"https://api.algotraffic.com/v2.0/cameras/images/1596.jpg","latitude":33.54459,"name":"I-459 N at I-20","id":2269,"longitude":-86.64098},{"videoStreamUrl":"https://cdn3.wowza.com/5/TW5ZWnc2WlI3QU5F/bhm-fastly/bhm-cam-31-273.stream/playlist.m3u8","locationId":"AL_BI","previewImageUrl":"https://api.algotraffic.com/v2.0/cameras/images/1192.jpg","latitude":33.50791,"name":"US 31 N at University Blvd","id":2334,"longitude":-86.79109},{"videoStreamUrl":"https://cdn3.wowza.com/5/TW5ZWnc2WlI3QU5F/bhm-fastly/bhm-cam-lorna-hmp.stream/playlist.m3u8","locationId":"AL_BI","previewImageUrl":"https://api.algotraffic.com/v2.0/cameras/images/1207.jpg","latitude":33.381,"name":"Lorna Road S at Hampton Park Dr.","id":2218,"longitude":-86.79743},{"videoStreamUrl":"https://cdn3.wowza.com/5/TW5ZWnc2WlI3QU5F/bhm-fastly/bhm-cam-65-253.5.stream/playlist.m3u8","locationId":"AL_BI","previewImageUrl":"https://api.algotraffic.com/v2.0/cameras/images/1183.jpg","latitude":33.42449,"name":"I-65 N at Before Alford","id":2314,"longitude":-86.8145},{"videoStreamUrl":"https://cdn3.wowza.com/5/TW5ZWnc2WlI3QU5F/bhm-fastly/bhm-cam-31-275.4d.stream/playlist.m3u8","locationId":"AL_BI","previewImageUrl":"https://api.algotraffic.com/v2.0/cameras/images/1560.jpg","latitude":33.52744,"name":"US 31 N at I-20/59","id":2340,"longitude":-86.80413},{"videoStreamUrl":"https://cdn3.wowza.com/5/TW5ZWnc2WlI3QU5F/bhm-fastly/bhm-cam-11th-17th.stream/playlist.m3u8","locationId":"AL_BI","previewImageUrl":"https://api.algotraffic.com/v2.0/cameras/images/1574.jpg","latitude":33.52363,"name":"11th Ave N at 17th St.","id":2215,"longitude":-86.81719},{"videoStreamUrl":"https://cdn3.wowza.com/5/TW5ZWnc2WlI3QU5F/bhm-fastly/bhm-cam-378-0b.stream/playlist.m3u8","locationId":"AL_BI","previewImageUrl":"https://api.algotraffic.com/v2.0/cameras/images/1563.jpg","latitude":33.53984,"name":"AL 378 S at 16th St","id":2219,"longitude":-86.82917},{"videoStreamUrl":"https://cdn3.wowza.com/5/TW5ZWnc2WlI3QU5F/bhm-fastly/bhm-cam-79-7.2.stream/playlist.m3u8","locationId":"AL_BI","previewImageUrl":"https://api.algotraffic.com/v2.0/cameras/images/1465.jpg","latitude":33.6321,"name":"AL 79 E at Valley East Industrial Dr","id":2236,"longitude":-86.72935},{"videoStreamUrl":"https://cdn3.wowza.com/5/TW5ZWnc2WlI3QU5F/bhm-fastly/bhm-cam-79-7.8.stream/playlist.m3u8","locationId":"AL_BI","previewImageUrl":"https://api.algotraffic.com/v2.0/cameras/images/1466.jpg","latitude":33.64107,"name":"AL 79 E at Meadow Craft Rd","id":2239,"longitude":-86.7254},{"videoStreamUrl":"https://cdn3.wowza.com/5/TW5ZWnc2WlI3QU5F/bhm-fastly/bhm-cam-280-8.5.stream/playlist.m3u8","locationId":"AL_BI","previewImageUrl":"https://api.algotraffic.com/v2.0/cameras/images/1213.jpg","latitude":33.41863,"name":"US 280 S at AL 119","id":2243,"longitude":-86.67282},{"videoStreamUrl":"https://cdn3.wowza.com/5/TW5ZWnc2WlI3QU5F/bhm-fastly/bhm-cam-378-0a.stream/playlist.m3u8","locationId":"AL_BI","previewImageUrl":"https://api.algotraffic.com/v2.0/cameras/images/1566.jpg","latitude":33.53016,"name":"AL 378 S at US78","id":2216,"longitude":-86.85018},{"videoStreamUrl":"https://cdn3.wowza.com/5/TW5ZWnc2WlI3QU5F/bhm-fastly/bhm-cam-65-260b.stream/playlist.m3u8","locationId":"AL_BI","previewImageUrl":"https://api.algotraffic.com/v2.0/cameras/images/1190.jpg","latitude":33.50377,"name":"I-65 N at 3rd Ave S.","id":2321,"longitude":-86.81461},{"videoStreamUrl":"https://cdn3.wowza.com/5/TW5ZWnc2WlI3QU5F/bhm-fastly/bhm-cam-31-275.4a.stream/playlist.m3u8","locationId":"AL_BI","previewImageUrl":"https://api.algotraffic.com/v2.0/cameras/images/1386.jpg","latitude":33.52755,"name":"US 31 N at I-20/59","id":2338,"longitude":-86.80328},{"videoStreamUrl":"https://cdn3.wowza.com/5/TW5ZWnc2WlI3QU5F/bhm-fastly/bhm-cam-280-4.2.stream/playlist.m3u8","locationId":"AL_BI","previewImageUrl":"https://api.algotraffic.com/v2.0/cameras/images/1232.jpg","latitude":33.44254,"name":"US 280 S at I-459","id":2226,"longitude":-86.72925},{"videoStreamUrl":"https://cdn3.wowza.com/5/TW5ZWnc2WlI3QU5F/bhm-fastly/bhm-cam-65-258.stream/playlist.m3u8","locationId":"AL_BI","previewImageUrl":"https://api.algotraffic.com/v2.0/cameras/images/1244.jpg","latitude":33.48356,"name":"I-65 N at Green Springs Ave. (Exit 258)","id":2318,"longitude":-86.82732},{"videoStreamUrl":"https://cdn3.wowza.com/5/TW5ZWnc2WlI3QU5F/bhm-fastly/bhm-cam-79-5.9.stream/playlist.m3u8","locationId":"AL_BI","previewImageUrl":"https://api.algotraffic.com/v2.0/cameras/images/1463.jpg","latitude":33.61777,"name":"AL 79 N at Fleming Rd/Valley Crest Dr","id":2231,"longitude":-86.73947},{"videoStreamUrl":"https://cdn3.wowza.com/5/TW5ZWnc2WlI3QU5F/bhm-fastly/bhm-cam-459-29a.stream/playlist.m3u8","locationId":"AL_BI","previewImageUrl":"https://api.algotraffic.com/v2.0/cameras/images/1595.jpg","latitude":33.54451,"name":"I-459 N at I-20","id":2268,"longitude":-86.64254},{"videoStreamUrl":"https://cdn3.wowza.com/5/TW5ZWnc2WlI3QU5F/bhm-fastly/bhm-cam-79-8.2.stream/playlist.m3u8","locationId":"AL_BI","previewImageUrl":"https://api.algotraffic.com/v2.0/cameras/images/1467.jpg","latitude":33.64615,"name":"AL 79 E at Sunhill Rd","id":2241,"longitude":-86.72119},{"videoStreamUrl":"https://cdn3.wowza.com/5/TW5ZWnc2WlI3QU5F/bhm-fastly/bhm-cam-79-9.1.stream/playlist.m3u8","locationId":"AL_BI","previewImageUrl":"https://api.algotraffic.com/v2.0/cameras/images/1468.jpg","latitude":33.65637,"name":"AL 79 E at Carson Rd","id":2247,"longitude":-86.71193},{"videoStreamUrl":"https://cdn3.wowza.com/5/TW5ZWnc2WlI3QU5F/bhm-fastly/bhm-cam-31-265.stream/playlist.m3u8","locationId":"AL_BI","previewImageUrl":"https://api.algotraffic.com/v2.0/cameras/images/1199.jpg","latitude":33.40038,"name":"US 31 N at E Hoover Ln","id":2332,"longitude":-86.80602},{"videoStreamUrl":"https://cdn3.wowza.com/5/TW5ZWnc2WlI3QU5F/bhm-fastly/bhm-cam-31-275a.stream/playlist.m3u8","locationId":"AL_BI","previewImageUrl":"https://api.algotraffic.com/v2.0/cameras/images/1571.jpg","latitude":33.52255,"name":"US 31 N at 5th Av N","id":2336,"longitude":-86.79899},{"videoStreamUrl":"https://cdn3.wowza.com/5/TW5ZWnc2WlI3QU5F/bhm-fastly/bhm-cam-31-275.4b.stream/playlist.m3u8","locationId":"AL_BI","previewImageUrl":"https://api.algotraffic.com/v2.0/cameras/images/1387.jpg","latitude":33.5279,"name":"US 31 N at I-20/59","id":2339,"longitude":-86.80346},{"videoStreamUrl":"https://cdn3.wowza.com/5/TW5ZWnc2WlI3QU5F/bhm-fastly/bhm-cam-280-0.5.stream/playlist.m3u8","locationId":"AL_BI","previewImageUrl":"https://api.algotraffic.com/v2.0/cameras/images/1208.jpg","latitude":33.48037,"name":"US 280 S at Chester Dr.","id":2220,"longitude":-86.77484},{"videoStreamUrl":"https://cdn3.wowza.com/5/TW5ZWnc2WlI3QU5F/bhm-fastly/bhm-cam-280-2.stream/playlist.m3u8","locationId":"AL_BI","previewImageUrl":"https://api.algotraffic.com/v2.0/cameras/images/1181.jpg","latitude":33.47061,"name":"US 280 S at Cherokee","id":2221,"longitude":-86.76207},{"videoStreamUrl":"https://cdn3.wowza.com/5/TW5ZWnc2WlI3QU5F/bhm-fastly/bhm-cam-280-2.5.stream/playlist.m3u8","locationId":"AL_BI","previewImageUrl":"https://api.algotraffic.com/v2.0/cameras/images/1233.jpg","latitude":33.46212,"name":"US 280 S at Rocky Ridge","id":2222,"longitude":-86.7573},{"videoStreamUrl":"https://cdn3.wowza.com/5/TW5ZWnc2WlI3QU5F/bhm-fastly/bhm-cam-459-2.6.stream/playlist.m3u8","locationId":"AL_BI","previewImageUrl":"https://api.algotraffic.com/v2.0/cameras/images/1656.jpg","latitude":33.33373,"name":"I-459 N at Pocahontas Rd","id":2223,"longitude":-86.98309},{"videoStreamUrl":"https://cdn3.wowza.com/5/TW5ZWnc2WlI3QU5F/bhm-fastly/bhm-cam-79-4.stream/playlist.m3u8","locationId":"AL_BI","previewImageUrl":"https://api.algotraffic.com/v2.0/cameras/images/1459.jpg","latitude":33.59484,"name":"AL 79 N at Thompson Cat Plant Entrance","id":2224,"longitude":-86.76128},{"videoStreamUrl":"https://cdn3.wowza.com/5/TW5ZWnc2WlI3QU5F/bhm-fastly/bhm-cam-280-4.stream/playlist.m3u8","locationId":"AL_BI","previewImageUrl":"https://api.algotraffic.com/v2.0/cameras/images/1234.jpg","latitude":33.45022,"name":"US 280 S at Dolly Ridge","id":2225,"longitude":-86.74068},{"videoStreamUrl":"https://cdn3.wowza.com/5/TW5ZWnc2WlI3QU5F/bhm-fastly/bhm-cam-79-4.7.stream/playlist.m3u8","locationId":"AL_BI","previewImageUrl":"https://api.algotraffic.com/v2.0/cameras/images/1460.jpg","latitude":33.60309,"name":"AL 79 E at Pine Hill Rd","id":2227,"longitude":-86.75524},{"videoStreamUrl":"https://cdn3.wowza.com/5/TW5ZWnc2WlI3QU5F/bhm-fastly/bhm-cam-79-4.8.stream/playlist.m3u8","locationId":"AL_BI","previewImageUrl":"https://api.algotraffic.com/v2.0/cameras/images/1461.jpg","latitude":33.60498,"name":"AL 79 E at Industrial Pkwy","id":2228,"longitude":-86.75403},{"videoStreamUrl":"https://cdn3.wowza.com/5/TW5ZWnc2WlI3QU5F/bhm-fastly/bhm-cam-280-5.1.stream/playlist.m3u8","locationId":"AL_BI","previewImageUrl":"https://api.algotraffic.com/v2.0/cameras/images/1703.jpg","latitude":33.43584,"name":"US 280 W at Grandview Pkwy","id":2229,"longitude":-86.71915},{"videoStreamUrl":"https://cdn3.wowza.com/5/TW5ZWnc2WlI3QU5F/bhm-fastly/bhm-cam-79-5.4.stream/playlist.m3u8","locationId":"AL_BI","previewImageUrl":"https://api.algotraffic.com/v2.0/cameras/images/1462.jpg","latitude":33.61029,"name":"AL 79 E at 6th Ave/Lawson Rd","id":2230,"longitude":-86.74543},{"videoStreamUrl":"https://cdn3.wowza.com/5/TW5ZWnc2WlI3QU5F/bhm-fastly/bhm-cam-280-6.4.stream/playlist.m3u8","locationId":"AL_BI","previewImageUrl":"https://api.algotraffic.com/v2.0/cameras/images/1704.jpg","latitude":33.42446,"name":"US 280 W at Inverness Pkwy","id":2233,"longitude":-86.70254},{"videoStreamUrl":"https://cdn3.wowza.com/5/TW5ZWnc2WlI3QU5F/bhm-fastly/bhm-cam-280-7.stream/playlist.m3u8","locationId":"AL_BI","previewImageUrl":"https://api.algotraffic.com/v2.0/cameras/images/1212.jpg","latitude":33.41948,"name":"US 280 S at Valleydale","id":2235,"longitude":-86.6946},{"videoStreamUrl":"https://cdn3.wowza.com/5/TW5ZWnc2WlI3QU5F/bhm-fastly/bhm-cam-280-7.3.stream/playlist.m3u8","locationId":"AL_BI","previewImageUrl":"https://api.algotraffic.com/v2.0/cameras/images/1706.jpg","latitude":33.41783,"name":"US 280 W at Brook Highland Pkwy","id":2237,"longitude":-86.68759},{"videoStreamUrl":"https://cdn3.wowza.com/5/TW5ZWnc2WlI3QU5F/bhm-fastly/bhm-cam-459-7.4.stream/playlist.m3u8","locationId":"AL_BI","previewImageUrl":"https://api.algotraffic.com/v2.0/cameras/images/1655.jpg","latitude":33.34186,"name":"I-459 N at Parkwood Rd","id":2238,"longitude":-86.9023},{"videoStreamUrl":"https://cdn3.wowza.com/5/TW5ZWnc2WlI3QU5F/bhm-fastly/bhm-cam-280-8.stream/playlist.m3u8","locationId":"AL_BI","previewImageUrl":"https://api.algotraffic.com/v2.0/cameras/images/1195.jpg","latitude":33.41837,"name":"US 280 S at Corporate Pkwy","id":2240,"longitude":-86.68207},{"videoStreamUrl":"https://cdn3.wowza.com/5/TW5ZWnc2WlI3QU5F/bhm-fastly/bhm-cam-150-8.5.stream/playlist.m3u8","locationId":"AL_BI","previewImageUrl":"https://api.algotraffic.com/v2.0/cameras/images/1201.jpg","latitude":33.35825,"name":"SR 150 S at I-459","id":2242,"longitude":-86.853},{"videoStreamUrl":"https://cdn3.wowza.com/5/TW5ZWnc2WlI3QU5F/bhm-fastly/bhm-cam-459-8.8.stream/playlist.m3u8","locationId":"AL_BI","previewImageUrl":"https://api.algotraffic.com/v2.0/cameras/images/1654.jpg","latitude":33.34354,"name":"I-459 N at before Shades Crest","id":2244,"longitude":-86.87776},{"videoStreamUrl":"https://cdn3.wowza.com/5/TW5ZWnc2WlI3QU5F/bhm-fastly/bhm-cam-280-8.9.stream/playlist.m3u8","locationId":"AL_BI","previewImageUrl":"https://api.algotraffic.com/v2.0/cameras/images/1705.jpg","latitude":33.41645,"name":"US 280 W at Hugh Daniel Dr","id":2245,"longitude":-86.66677},{"videoStreamUrl":"https://cdn3.wowza.com/5/TW5ZWnc2WlI3QU5F/bhm-fastly/bhm-cam-150-9.stream/playlist.m3u8","locationId":"AL_BI","previewImageUrl":"https://api.algotraffic.com/v2.0/cameras/images/1206.jpg","latitude":33.35461,"name":"SR 150 S at Sulphur Springs Rd.","id":2246,"longitude":-86.84637},{"videoStreamUrl":"https://cdn3.wowza.com/5/TW5ZWnc2WlI3QU5F/bhm-fastly/bhm-cam-280-9.4.stream/playlist.m3u8","locationId":"AL_BI","previewImageUrl":"https://api.algotraffic.com/v2.0/cameras/images/1209.jpg","latitude":33.40988,"name":"US 280 S at Doug Baker Blvd.","id":2248,"longitude":-86.6651},{"videoStreamUrl":"https://cdn3.wowza.com/5/TW5ZWnc2WlI3QU5F/bhm-fastly/bhm-cam-150-9.5.stream/playlist.m3u8","locationId":"AL_BI","previewImageUrl":"https://api.algotraffic.com/v2.0/cameras/images/1204.jpg","latitude":33.36181,"name":"SR 150 S at Cahaba River Estates Dr","id":2249,"longitude":-86.82901},{"videoStreamUrl":"https://cdn3.wowza.com/5/TW5ZWnc2WlI3QU5F/bhm-fastly/bhm-cam-150-10.stream/playlist.m3u8","locationId":"AL_BI","previewImageUrl":"https://api.algotraffic.com/v2.0/cameras/images/1203.jpg","latitude":33.36963,"name":"SR 150 S at Galleria Woods","id":2251,"longitude":-86.8173},{"videoStreamUrl":"https://cdn3.wowza.com/5/TW5ZWnc2WlI3QU5F/bhm-fastly/bhm-cam-459-10.8.stream/playlist.m3u8","locationId":"AL_BI","previewImageUrl":"https://api.algotraffic.com/v2.0/cameras/images/1660.jpg","latitude":33.35691,"name":"I-459 N at AL150","id":2252,"longitude":-86.85031},{"videoStreamUrl":"https://cdn3.wowza.com/5/TW5ZWnc2WlI3QU5F/bhm-fastly/bhm-cam-150-11.5.stream/playlist.m3u8","locationId":"AL_BI","previewImageUrl":"https://api.algotraffic.com/v2.0/cameras/images/1202.jpg","latitude":33.37516,"name":"SR 150 S at Merchants Drive","id":2254,"longitude":-86.80714},{"videoStreamUrl":"https://cdn3.wowza.com/5/TW5ZWnc2WlI3QU5F/bhm-fastly/bhm-cam-459-11.7.stream/playlist.m3u8","locationId":"AL_BI","previewImageUrl":"https://api.algotraffic.com/v2.0/cameras/images/1653.jpg","latitude":33.37013,"name":"I-459 N at MP 11.7","id":2255,"longitude":-86.83703},{"videoStreamUrl":"https://cdn3.wowza.com/5/TW5ZWnc2WlI3QU5F/bhm-fastly/bhm-cam-459-14a.stream/playlist.m3u8","locationId":"AL_BI","previewImageUrl":"https://api.algotraffic.com/v2.0/cameras/images/1645.jpg","latitude":33.38444,"name":"I-459 N at US-31","id":2257,"longitude":-86.80522},{"videoStreamUrl":"https://cdn3.wowza.com/5/TW5ZWnc2WlI3QU5F/bhm-fastly/bhm-cam-459-14b.stream/playlist.m3u8","locationId":"AL_BI","previewImageUrl":"https://api.algotraffic.com/v2.0/cameras/images/1651.jpg","latitude":33.38455,"name":"I-459 N at US-31","id":2258,"longitude":-86.80623},{"videoStreamUrl":"https://cdn3.wowza.com/5/TW5ZWnc2WlI3QU5F/bhm-fastly/bhm-cam-459-16.5a.stream/playlist.m3u8","locationId":"AL_BI","previewImageUrl":"https://api.algotraffic.com/v2.0/cameras/images/1650.jpg","latitude":33.40379,"name":"I-459 N at before Acton Rd","id":2259,"longitude":-86.76861},{"videoStreamUrl":"https://cdn3.wowza.com/5/TW5ZWnc2WlI3QU5F/bhm-fastly/bhm-cam-459-16.5b.stream/playlist.m3u8","locationId":"AL_BI","previewImageUrl":"https://api.algotraffic.com/v2.0/cameras/images/1649.jpg","latitude":33.40381,"name":"I-459 N at before Acton Rd","id":2260,"longitude":-86.76857},{"videoStreamUrl":"https://cdn3.wowza.com/5/TW5ZWnc2WlI3QU5F/bhm-fastly/bhm-cam-459-19a.stream/playlist.m3u8","locationId":"AL_BI","previewImageUrl":"https://api.algotraffic.com/v2.0/cameras/images/1648.jpg","latitude":33.442486,"name":"I-459 N at US-280","id":2261,"longitude":-86.729984},{"videoStreamUrl":"https://cdn3.wowza.com/5/TW5ZWnc2WlI3QU5F/bhm-fastly/bhm-cam-459-19b.stream/playlist.m3u8","locationId":"AL_BI","previewImageUrl":"https://api.algotraffic.com/v2.0/cameras/images/1647.jpg","latitude":33.44255,"name":"I-459 N at US-280","id":2262,"longitude":-86.73029},{"videoStreamUrl":"https://cdn3.wowza.com/5/TW5ZWnc2WlI3QU5F/bhm-fastly/bhm-cam-459-21.stream/playlist.m3u8","locationId":"AL_BI","previewImageUrl":"https://api.algotraffic.com/v2.0/cameras/images/1646.jpg","latitude":33.46095,"name":"I-459 N at MP 21","id":2263,"longitude":-86.71299},{"videoStreamUrl":"https://cdn3.wowza.com/5/TW5ZWnc2WlI3QU5F/bhm-fastly/bhm-cam-459-23.4a.stream/playlist.m3u8","locationId":"AL_BI","previewImageUrl":"https://api.algotraffic.com/v2.0/cameras/images/1628.jpg","latitude":33.48436,"name":"I-459 N at Liberty Parkway","id":2264,"longitude":-86.70976},{"videoStreamUrl":"https://cdn3.wowza.com/5/TW5ZWnc2WlI3QU5F/bhm-fastly/bhm-cam-459-23.4b.stream/playlist.m3u8","locationId":"AL_BI","previewImageUrl":"https://api.algotraffic.com/v2.0/cameras/images/1627.jpg","latitude":33.4855,"name":"I-459 N at Liberty Parkway","id":2265,"longitude":-86.70982},{"videoStreamUrl":"https://cdn3.wowza.com/5/TW5ZWnc2WlI3QU5F/bhm-fastly/bhm-cam-459-24.7.stream/playlist.m3u8","locationId":"AL_BI","previewImageUrl":"https://api.algotraffic.com/v2.0/cameras/images/1626.jpg","latitude":33.50118,"name":"I-459 N at Liberty Parkway","id":2266,"longitude":-86.70017},{"videoStreamUrl":"https://cdn3.wowza.com/5/TW5ZWnc2WlI3QU5F/bhm-fastly/bhm-cam-459-27.3.stream/playlist.m3u8","locationId":"AL_BI","previewImageUrl":"https://api.algotraffic.com/v2.0/cameras/images/1609.jpg","latitude":33.52389,"name":"I-459 N at Grants Mill Rd","id":2267,"longitude":-86.66355},{"videoStreamUrl":"https://cdn3.wowza.com/5/TW5ZWnc2WlI3QU5F/bhm-fastly/bhm-cam-459-29c.stream/playlist.m3u8","locationId":"AL_BI","previewImageUrl":"https://api.algotraffic.com/v2.0/cameras/images/1597.jpg","latitude":33.54582,"name":"I-459 N at I-20","id":2270,"longitude":-86.64208},{"videoStreamUrl":"https://cdn3.wowza.com/5/TW5ZWnc2WlI3QU5F/bhm-fastly/bhm-cam-459-31a.stream/playlist.m3u8","locationId":"AL_BI","previewImageUrl":"https://api.algotraffic.com/v2.0/cameras/images/1598.jpg","latitude":33.54536,"name":"I-459 N at Derby Parkway","id":2271,"longitude":-86.64295},{"videoStreamUrl":"https://cdn3.wowza.com/5/TW5ZWnc2WlI3QU5F/bhm-fastly/bhm-cam-459-31b.stream/playlist.m3u8","locationId":"AL_BI","previewImageUrl":"https://api.algotraffic.com/v2.0/cameras/images/1599.jpg","latitude":33.57382,"name":"I-459 N at Derby Parkway","id":2272,"longitude":-86.63815},{"videoStreamUrl":"https://cdn3.wowza.com/5/TW5ZWnc2WlI3QU5F/bhm-fastly/bhm-cam-2059-105.stream/playlist.m3u8","locationId":"AL_BI","previewImageUrl":"https://api.algotraffic.com/v2.0/cameras/images/1644.jpg","latitude":33.33065,"name":"I-20/59 S at MP 105","id":2273,"longitude":-87.04043},{"videoStreamUrl":"https://cdn3.wowza.com/5/TW5ZWnc2WlI3QU5F/bhm-fastly/bhm-cam-2059-106a.stream/playlist.m3u8","locationId":"AL_BI","previewImageUrl":"https://api.algotraffic.com/v2.0/cameras/images/1659.jpg","latitude":33.34329,"name":"I-20/59 S at I-459","id":2274,"longitude":-87.02681},{"videoStreamUrl":"https://cdn3.wowza.com/5/TW5ZWnc2WlI3QU5F/bhm-fastly/bhm-cam-2059-106b.stream/playlist.m3u8","locationId":"AL_BI","previewImageUrl":"https://api.algotraffic.com/v2.0/cameras/images/1658.jpg","latitude":33.34346,"name":"I-20/59 S at I-459","id":2275,"longitude":-87.02691},{"videoStreamUrl":"https://cdn3.wowza.com/5/TW5ZWnc2WlI3QU5F/bhm-fastly/bhm-cam-2059-106c.stream/playlist.m3u8","locationId":"AL_BI","previewImageUrl":"https://api.algotraffic.com/v2.0/cameras/images/1657.jpg","latitude":33.34341,"name":"I-20/59 S at I-459","id":2276,"longitude":-87.02667},{"videoStreamUrl":"https://cdn3.wowza.com/5/TW5ZWnc2WlI3QU5F/bhm-fastly/bhm-cam-2059-123.stream/playlist.m3u8","locationId":"AL_BI","previewImageUrl":"https://api.algotraffic.com/v2.0/cameras/images/1224.jpg","latitude":33.52167,"name":"I-20/59 S at Arkadelphia Rd (Exit 123)","id":2277,"longitude":-86.85097},{"videoStreamUrl":"https://cdn3.wowza.com/5/TW5ZWnc2WlI3QU5F/bhm-fastly/bhm-cam-2059-124.stream/playlist.m3u8","locationId":"AL_BI","previewImageUrl":"https://api.algotraffic.com/v2.0/cameras/images/1565.jpg","latitude":33.52094,"name":"I-20/59 S at Center St.","id":2278,"longitude":-86.83457},{"videoStreamUrl":"https://cdn3.wowza.com/5/TW5ZWnc2WlI3QU5F/bhm-fastly/bhm-cam-2059-126c.stream/playlist.m3u8","locationId":"AL_BI","previewImageUrl":"https://api.algotraffic.com/v2.0/cameras/images/1662.jpg","latitude":33.52579,"name":"I-20/59 W at US-31","id":2281,"longitude":-86.80581},{"videoStreamUrl":"https://cdn3.wowza.com/5/TW5ZWnc2WlI3QU5F/bhm-fastly/bhm-cam-2059-129a.stream/playlist.m3u8","locationId":"AL_BI","previewImageUrl":"https://api.algotraffic.com/v2.0/cameras/images/1243.jpg","latitude":33.54394,"name":"I-20/59 S at Airport Highway (Exit 129)","id":2282,"longitude":-86.7604},{"videoStreamUrl":"https://cdn3.wowza.com/5/TW5ZWnc2WlI3QU5F/bhm-fastly/bhm-cam-2059-129b.stream/playlist.m3u8","locationId":"AL_BI","previewImageUrl":"https://api.algotraffic.com/v2.0/cameras/images/1575.jpg","latitude":33.54667,"name":"I-20/59 W at MP 129","id":2283,"longitude":-86.76304},{"videoStreamUrl":"https://cdn3.wowza.com/5/TW5ZWnc2WlI3QU5F/bhm-fastly/bhm-cam-2059-130.stream/playlist.m3u8","locationId":"AL_BI","previewImageUrl":"https://api.algotraffic.com/v2.0/cameras/images/1184.jpg","latitude":33.54848,"name":"I-20/59 S at I-20","id":2284,"longitude":-86.74932},{"videoStreamUrl":"https://cdn3.wowza.com/5/TW5ZWnc2WlI3QU5F/bhm-fastly/bhm-cam-59-133.stream/playlist.m3u8","locationId":"AL_BI","previewImageUrl":"https://api.algotraffic.com/v2.0/cameras/images/1240.jpg","latitude":33.57625,"name":"I-59 E at Red Oak Rd. (Exit 133)","id":2286,"longitude":-86.71503},{"videoStreamUrl":"https://cdn3.wowza.com/5/TW5ZWnc2WlI3QU5F/bhm-fastly/bhm-cam-78-135.stream/playlist.m3u8","locationId":"AL_BI","previewImageUrl":"https://api.algotraffic.com/v2.0/cameras/images/1205.jpg","latitude":33.53083,"name":"US 78 W at Finley Ave W","id":2287,"longitude":-86.85084},{"videoStreamUrl":"https://cdn3.wowza.com/5/TW5ZWnc2WlI3QU5F/bhm-fastly/bhm-cam-20-138.8.stream/playlist.m3u8","locationId":"AL_BI","previewImageUrl":"https://api.algotraffic.com/v2.0/cameras/images/1608.jpg","latitude":33.54344,"name":"I-20 S at I-459","id":2288,"longitude":-86.61415},{"videoStreamUrl":"https://cdn3.wowza.com/5/TW5ZWnc2WlI3QU5F/bhm-fastly/bhm-cam-20-141.2.stream/playlist.m3u8","locationId":"AL_BI","previewImageUrl":"https://api.algotraffic.com/v2.0/cameras/images/1610.jpg","latitude":33.55302,"name":"I-20 S at US-78","id":2289,"longitude":-86.5748},{"videoStreamUrl":"https://cdn3.wowza.com/5/TW5ZWnc2WlI3QU5F/bhm-fastly/bhm-cam-65-236.5.stream/playlist.m3u8","locationId":"AL_BI","previewImageUrl":"https://api.algotraffic.com/v2.0/cameras/images/1458.jpg","latitude":33.20726,"name":"I-65 N at MP 236.5","id":2291,"longitude":-86.79403},{"videoStreamUrl":"https://cdn3.wowza.com/5/TW5ZWnc2WlI3QU5F/bhm-fastly/bhm-cam-65-237.8.stream/playlist.m3u8","locationId":"AL_BI","previewImageUrl":"https://api.algotraffic.com/v2.0/cameras/images/1457.jpg","latitude":33.22387,"name":"I-65 N at past US-31 (Alabaster)","id":2292,"longitude":-86.80609},{"videoStreamUrl":"https://cdn3.wowza.com/5/TW5ZWnc2WlI3QU5F/bhm-fastly/bhm-cam-65-238.2a.stream/playlist.m3u8","locationId":"AL_BI","previewImageUrl":"https://api.algotraffic.com/v2.0/cameras/images/1471.jpg","latitude":33.23076,"name":"I-65 N at US-31 (Alabaster)","id":2293,"longitude":-86.80712},{"videoStreamUrl":"https://cdn3.wowza.com/5/TW5ZWnc2WlI3QU5F/bhm-fastly/bhm-cam-65-238.2b.stream/playlist.m3u8","locationId":"AL_BI","previewImageUrl":"https://api.algotraffic.com/v2.0/cameras/images/1488.jpg","latitude":33.23116,"name":"I-65 N at US-31 (Alabaster)","id":2294,"longitude":-86.80806},{"videoStreamUrl":"https://cdn3.wowza.com/5/TW5ZWnc2WlI3QU5F/bhm-fastly/bhm-cam-65-239.stream/playlist.m3u8","locationId":"AL_BI","previewImageUrl":"https://api.algotraffic.com/v2.0/cameras/images/1489.jpg","latitude":33.23977,"name":"I-65 N at before US-31 (MP 239)","id":2295,"longitude":-86.80251},{"videoStreamUrl":"https://cdn3.wowza.com/5/TW5ZWnc2WlI3QU5F/bhm-fastly/bhm-cam-65-239.5s.stream/playlist.m3u8","locationId":"AL_BI","previewImageUrl":"https://api.algotraffic.com/v2.0/cameras/images/1508.jpg","latitude":33.24708,"name":"I-65 N at MP 239.5 SB","id":2296,"longitude":-86.80011},{"videoStreamUrl":"https://cdn3.wowza.com/5/TW5ZWnc2WlI3QU5F/bhm-fastly/bhm-cam-65-239.5n.stream/playlist.m3u8","locationId":"AL_BI","previewImageUrl":"https://api.algotraffic.com/v2.0/cameras/images/1490.jpg","latitude":33.24682,"name":"I-65 N at MP 239.5 NB","id":2297,"longitude":-86.79875},{"videoStreamUrl":"https://cdn3.wowza.com/5/TW5ZWnc2WlI3QU5F/bhm-fastly/bhm-cam-65-240.1.stream/playlist.m3u8","locationId":"AL_BI","previewImageUrl":"https://api.algotraffic.com/v2.0/cameras/images/1509.jpg","latitude":33.25526,"name":"I-65 N at MP 240.1","id":2298,"longitude":-86.79896},{"videoStreamUrl":"https://cdn3.wowza.com/5/TW5ZWnc2WlI3QU5F/bhm-fastly/bhm-cam-65-240.6.stream/playlist.m3u8","locationId":"AL_BI","previewImageUrl":"https://api.algotraffic.com/v2.0/cameras/images/1510.jpg","latitude":33.26353,"name":"I-65 N at MP 240.6","id":2299,"longitude":-86.7989},{"videoStreamUrl":"https://cdn3.wowza.com/5/TW5ZWnc2WlI3QU5F/bhm-fastly/bhm-cam-65-241.1.stream/playlist.m3u8","locationId":"AL_BI","previewImageUrl":"https://api.algotraffic.com/v2.0/cameras/images/1511.jpg","latitude":33.27178,"name":"I-65 N at past CR-52","id":2300,"longitude":-86.79949},{"videoStreamUrl":"https://cdn3.wowza.com/5/TW5ZWnc2WlI3QU5F/bhm-fastly/bhm-cam-65-242.stream/playlist.m3u8","locationId":"AL_BI","previewImageUrl":"https://api.algotraffic.com/v2.0/cameras/images/1512.jpg","latitude":33.28057,"name":"I-65 N at CR-52","id":2301,"longitude":-86.80096},{"videoStreamUrl":"https://cdn3.wowza.com/5/TW5ZWnc2WlI3QU5F/bhm-fastly/bhm-cam-65-242.5.stream/playlist.m3u8","locationId":"AL_BI","previewImageUrl":"https://api.algotraffic.com/v2.0/cameras/images/1513.jpg","latitude":33.2896,"name":"I-65 N at before CR-52 (MP 242.5)","id":2302,"longitude":-86.80003},{"videoStreamUrl":"https://cdn3.wowza.com/5/TW5ZWnc2WlI3QU5F/bhm-fastly/bhm-cam-65-242.8.stream/playlist.m3u8","locationId":"AL_BI","previewImageUrl":"https://api.algotraffic.com/v2.0/cameras/images/1515.jpg","latitude":33.29407,"name":"I-65 N at before CR 52 (242.8)","id":2303,"longitude":-86.79784},{"videoStreamUrl":"https://cdn3.wowza.com/5/TW5ZWnc2WlI3QU5F/bhm-fastly/bhm-cam-65-243.5.stream/playlist.m3u8","locationId":"AL_BI","previewImageUrl":"https://api.algotraffic.com/v2.0/cameras/images/1522.jpg","latitude":33.30431,"name":"I-65 N at MP 243.5","id":2304,"longitude":-86.79149},{"videoStreamUrl":"https://cdn3.wowza.com/5/TW5ZWnc2WlI3QU5F/bhm-fastly/bhm-cam-65-244.stream/playlist.m3u8","locationId":"AL_BI","previewImageUrl":"https://api.algotraffic.com/v2.0/cameras/images/1516.jpg","latitude":33.31106,"name":"I-65 N at MP 244","id":2305,"longitude":-86.78673},{"videoStreamUrl":"https://cdn3.wowza.com/5/TW5ZWnc2WlI3QU5F/bhm-fastly/bhm-cam-65-244.7.stream/playlist.m3u8","locationId":"AL_BI","previewImageUrl":"https://api.algotraffic.com/v2.0/cameras/images/1517.jpg","latitude":33.32105,"name":"I-65 N at past AL-119","id":2306,"longitude":-86.78677},{"videoStreamUrl":"https://cdn3.wowza.com/5/TW5ZWnc2WlI3QU5F/bhm-fastly/bhm-cam-65-245.3.stream/playlist.m3u8","locationId":"AL_BI","previewImageUrl":"https://api.algotraffic.com/v2.0/cameras/images/1518.jpg","latitude":33.32689,"name":"I-65 N at before AL-119 (Cahaba Valley)","id":2307,"longitude":-86.78136},{"videoStreamUrl":"https://cdn3.wowza.com/5/TW5ZWnc2WlI3QU5F/bhm-fastly/bhm-cam-65-246.stream/playlist.m3u8","locationId":"AL_BI","previewImageUrl":"https://api.algotraffic.com/v2.0/cameras/images/1519.jpg","latitude":33.33736,"name":"I-65 N at AL-119 (Cahaba Valley)","id":2308,"longitude":-86.7797},{"videoStreamUrl":"https://cdn3.wowza.com/5/TW5ZWnc2WlI3QU5F/bhm-fastly/bhm-cam-65-246.8.stream/playlist.m3u8","locationId":"AL_BI","previewImageUrl":"https://api.algotraffic.com/v2.0/cameras/images/1520.jpg","latitude":33.34888,"name":"I-65 N at Valleydale","id":2309,"longitude":-86.78036},{"videoStreamUrl":"https://cdn3.wowza.com/5/TW5ZWnc2WlI3QU5F/bhm-fastly/bhm-cam-65-247.stream/playlist.m3u8","locationId":"AL_BI","previewImageUrl":"https://api.algotraffic.com/v2.0/cameras/images/1188.jpg","latitude":33.3544,"name":"I-65 S at Valleydale Rd.","id":2310,"longitude":-86.77889},{"videoStreamUrl":"https://cdn3.wowza.com/5/TW5ZWnc2WlI3QU5F/bhm-fastly/bhm-cam-65-249.stream/playlist.m3u8","locationId":"AL_BI","previewImageUrl":"https://api.algotraffic.com/v2.0/cameras/images/1235.jpg","latitude":33.3719,"name":"I-65 N at Cahaba River","id":2311,"longitude":-86.77837},{"videoStreamUrl":"https://cdn3.wowza.com/5/TW5ZWnc2WlI3QU5F/bhm-fastly/bhm-cam-65-252a.stream/playlist.m3u8","locationId":"AL_BI","previewImageUrl":"https://api.algotraffic.com/v2.0/cameras/images/1197.jpg","latitude":33.413,"name":"I-65 N at US-31","id":2313,"longitude":-86.80658},{"videoStreamUrl":"https://cdn3.wowza.com/5/TW5ZWnc2WlI3QU5F/bhm-fastly/bhm-cam-65-254a.stream/playlist.m3u8","locationId":"AL_BI","previewImageUrl":"https://api.algotraffic.com/v2.0/cameras/images/1193.jpg","latitude":33.43864,"name":"I-65 N at Before Alford Ave","id":2315,"longitude":-86.8242},{"videoStreamUrl":"https://cdn3.wowza.com/5/TW5ZWnc2WlI3QU5F/bhm-fastly/bhm-cam-65-255.stream/playlist.m3u8","locationId":"AL_BI","previewImageUrl":"https://api.algotraffic.com/v2.0/cameras/images/1239.jpg","latitude":33.45065,"name":"I-65 N at Lakeshore Parkway (Exit 255)","id":2316,"longitude":-86.81729},{"videoStreamUrl":"https://cdn3.wowza.com/5/TW5ZWnc2WlI3QU5F/bhm-fastly/bhm-cam-65-256.stream/playlist.m3u8","locationId":"AL_BI","previewImageUrl":"https://api.algotraffic.com/v2.0/cameras/images/1191.jpg","latitude":33.46399,"name":"I-65 N at Oxmoor","id":2317,"longitude":-86.82598},{"videoStreamUrl":"https://cdn3.wowza.com/5/TW5ZWnc2WlI3QU5F/bhm-fastly/bhm-cam-65-259.stream/playlist.m3u8","locationId":"AL_BI","previewImageUrl":"https://api.algotraffic.com/v2.0/cameras/images/1185.jpg","latitude":33.49755,"name":"I-65 N at University Blvd","id":2319,"longitude":-86.81361},{"videoStreamUrl":"https://cdn3.wowza.com/5/TW5ZWnc2WlI3QU5F/bhm-fastly/bhm-cam-65-261d.stream/playlist.m3u8","locationId":"AL_BI","previewImageUrl":"https://api.algotraffic.com/v2.0/cameras/images/1564.jpg","latitude":33.52273,"name":"I-65 N at I-20/59","id":2323,"longitude":-86.82851},{"videoStreamUrl":"https://cdn3.wowza.com/5/TW5ZWnc2WlI3QU5F/bhm-fastly/bhm-cam-65-261e.stream/playlist.m3u8","locationId":"AL_BI","previewImageUrl":"https://api.algotraffic.com/v2.0/cameras/images/1567.jpg","latitude":33.52159,"name":"I-65 N at I-20/59","id":2324,"longitude":-86.82762},{"videoStreamUrl":"https://cdn3.wowza.com/5/TW5ZWnc2WlI3QU5F/bhm-fastly/bhm-cam-65-262b.stream/playlist.m3u8","locationId":"AL_BI","previewImageUrl":"https://api.algotraffic.com/v2.0/cameras/images/1211.jpg","latitude":33.53257,"name":"I-65 N at Finley Blvd","id":2327,"longitude":-86.8237},{"videoStreamUrl":"https://cdn3.wowza.com/5/TW5ZWnc2WlI3QU5F/bhm-fastly/bhm-cam-65-262c.stream/playlist.m3u8","locationId":"AL_BI","previewImageUrl":"https://api.algotraffic.com/v2.0/cameras/images/1246.jpg","latitude":33.53958,"name":"I-65 N at Finley Blvd (Exit 262B)","id":2328,"longitude":-86.82419},{"videoStreamUrl":"https://cdn3.wowza.com/5/TW5ZWnc2WlI3QU5F/bhm-fastly/bhm-cam-65-263.stream/playlist.m3u8","locationId":"AL_BI","previewImageUrl":"https://api.algotraffic.com/v2.0/cameras/images/1227.jpg","latitude":33.5512,"name":"I-65 N at 33rd Avenue","id":2329,"longitude":-86.8312},{"videoStreamUrl":"https://cdn3.wowza.com/5/TW5ZWnc2WlI3QU5F/bhm-fastly/bhm-cam-65-264.stream/playlist.m3u8","locationId":"AL_BI","previewImageUrl":"https://api.algotraffic.com/v2.0/cameras/images/1225.jpg","latitude":33.56075,"name":"I-65 N at 41st Street (Exit 264)","id":2330,"longitude":-86.8303},{"videoStreamUrl":"https://cdn3.wowza.com/5/TW5ZWnc2WlI3QU5F/bhm-fastly/bhm-cam-31-264.stream/playlist.m3u8","locationId":"AL_BI","previewImageUrl":"https://api.algotraffic.com/v2.0/cameras/images/1200.jpg","latitude":33.38429,"name":"US 31 N at I-459","id":2331,"longitude":-86.8068}]